Trip,Sample Type,Hormone,Control N,Treated N,p-value,Effect Size,Conclusion
1,887,GA4,4,4,1.0,0.0,No Significant Difference
2,887,GA4,4,4,0.0286,-1.0,Significant Difference
3,887,GA4,4,4,0.0571,-0.875,No Significant Difference
4,887,GA4,4,4,0.0286,-1.0,Significant Difference
1,735,GA4,4,4,0.3429,0.5,No Significant Difference
2,735,GA4,4,4,0.6857,0.25,No Significant Difference
3,735,GA4,4,4,0.0286,-1.0,Significant Difference
4,735,GA4,4,4,0.0286,-1.0,Significant Difference
1,698,GA4,4,4,0.8857,-0.125,No Significant Difference
2,698,GA4,4,4,0.8857,0.125,No Significant Difference
3,698,GA4,4,4,0.8857,-0.125,No Significant Difference
4,698,GA4,4,4,0.1143,-0.75,No Significant Difference
1,680,GA4,4,4,0.8857,0.125,No Significant Difference
2,680,GA4,4,4,0.3429,0.5,No Significant Difference
3,680,GA4,4,4,0.2,-0.625,No Significant Difference
4,680,GA4,4,4,0.6857,-0.25,No Significant Difference
1,402,GA4,4,4,0.3429,0.5,No Significant Difference
2,402,GA4,4,4,0.3429,-0.5,No Significant Difference
3,402,GA4,4,4,0.0571,-0.875,No Significant Difference
4,402,GA4,4,4,0.0286,-1.0,Significant Difference
1,171,GA4,4,4,0.2,0.625,No Significant Difference
2,171,GA4,4,4,0.3429,0.5,No Significant Difference
3,171,GA4,4,4,0.3429,-0.5,No Significant Difference
4,171,GA4,4,4,0.0286,-1.0,Significant Difference
1,703,GA4,4,4,0.8857,-0.125,No Significant Difference
2,703,GA4,4,4,0.6857,0.25,No Significant Difference
3,703,GA4,4,4,0.6857,-0.25,No Significant Difference
4,703,GA4,4,4,1.0,0.0,No Significant Difference
1,609,GA4,4,4,0.3429,0.5,No Significant Difference
2,609,GA4,4,4,0.2,0.625,No Significant Difference
3,609,GA4,4,4,0.0571,-0.875,No Significant Difference
4,609,GA4,4,4,0.3429,-0.5,No Significant Difference
1,35,GA4,4,4,0.2,-0.625,No Significant Difference
2,35,GA4,4,4,0.4857,-0.375,No Significant Difference
3,35,GA4,4,4,0.0286,-1.0,Significant Difference
4,35,GA4,4,4,0.1143,-0.75,No Significant Difference
1,887,GA1,4,4,0.2,-0.625,No Significant Difference
2,887,GA1,4,4,0.0284,-1.0,Significant Difference
3,887,GA1,4,4,0.8857,-0.125,No Significant Difference
4,887,GA1,4,4,0.0286,-1.0,Significant Difference
1,735,GA1,4,4,0.3429,0.5,No Significant Difference
2,735,GA1,4,4,0.0286,1.0,Significant Difference
3,735,GA1,4,4,0.8857,-0.125,No Significant Difference
4,735,GA1,4,4,0.7715,0.1875,No Significant Difference
1,698,GA1,4,4,0.8857,0.125,No Significant Difference
2,698,GA1,4,4,0.8857,0.125,No Significant Difference
3,698,GA1,4,4,0.6857,0.25,No Significant Difference
4,698,GA1,4,4,0.6857,-0.25,No Significant Difference
1,680,GA1,4,4,0.3429,-0.5,No Significant Difference
2,680,GA1,4,4,0.2,0.625,No Significant Difference
3,680,GA1,4,4,0.6857,-0.25,No Significant Difference
4,680,GA1,4,4,0.1143,-0.75,No Significant Difference
1,402,GA1,4,4,0.4857,0.375,No Significant Difference
2,402,GA1,4,4,0.2,0.625,No Significant Difference
3,402,GA1,4,4,0.8857,0.125,No Significant Difference
4,402,GA1,4,4,0.8857,-0.125,No Significant Difference
1,171,GA1,4,4,0.8857,-0.125,No Significant Difference
2,171,GA1,4,4,0.3836,0.4375,No Significant Difference
3,171,GA1,4,4,0.6857,-0.25,No Significant Difference
4,171,GA1,4,4,0.2,-0.625,No Significant Difference
1,703,GA1,4,4,0.1143,-0.75,No Significant Difference
2,703,GA1,4,4,0.8857,-0.125,No Significant Difference
3,703,GA1,4,4,1.0,0.0,No Significant Difference
4,703,GA1,4,4,0.3429,-0.5,No Significant Difference
1,609,GA1,4,4,1.0,0.0,No Significant Difference
2,609,GA1,4,4,0.6857,0.25,No Significant Difference
3,609,GA1,4,4,0.8857,0.125,No Significant Difference
4,609,GA1,4,4,0.4857,-0.375,No Significant Difference
1,35,GA1,4,4,0.0571,-0.875,No Significant Difference
2,35,GA1,4,4,0.3429,-0.5,No Significant Difference
3,35,GA1,4,4,0.8857,-0.125,No Significant Difference
4,35,GA1,4,4,0.2,-0.625,No Significant Difference
1,887,GA7,4,4,0.0286,-1.0,Significant Difference
2,887,GA7,4,4,0.3429,-0.5,No Significant Difference
3,887,GA7,4,4,0.0286,-1.0,Significant Difference
4,887,GA7,4,4,0.0286,-1.0,Significant Difference
1,735,GA7,4,4,0.6857,0.25,No Significant Difference
2,735,GA7,4,4,0.2,-0.625,No Significant Difference
3,735,GA7,4,4,0.0286,-1.0,Significant Difference
4,735,GA7,4,4,0.0286,-1.0,Significant Difference
1,698,GA7,4,4,0.3429,-0.5,No Significant Difference
2,698,GA7,4,4,0.8857,-0.125,No Significant Difference
3,698,GA7,4,4,0.0286,-1.0,Significant Difference
4,698,GA7,4,4,0.3429,-0.5,No Significant Difference
1,680,GA7,4,4,1.0,0.0625,No Significant Difference
2,680,GA7,4,4,0.4857,0.375,No Significant Difference
3,680,GA7,4,4,1.0,0.0,No Significant Difference
4,680,GA7,4,4,0.2,-0.625,No Significant Difference
1,402,GA7,4,4,0.8857,-0.125,No Significant Difference
2,402,GA7,4,4,0.4857,0.375,No Significant Difference
3,402,GA7,4,4,0.3429,-0.5,No Significant Difference
4,402,GA7,4,4,0.6857,0.25,No Significant Difference
1,171,GA7,4,4,0.0286,1.0,Significant Difference
2,171,GA7,4,4,0.0286,-1.0,Significant Difference
3,171,GA7,4,4,0.0286,-1.0,Significant Difference
4,171,GA7,4,4,0.2,-0.625,No Significant Difference
1,703,GA7,4,4,0.6857,-0.25,No Significant Difference
2,703,GA7,4,4,0.6857,-0.25,No Significant Difference
3,703,GA7,4,4,0.2,-0.625,No Significant Difference
4,703,GA7,4,4,0.0571,-0.875,No Significant Difference
1,609,GA7,4,4,0.3429,-0.5,No Significant Difference
2,609,GA7,4,4,0.1143,-0.75,No Significant Difference
3,609,GA7,3,4,0.0571,-1.0,No Significant Difference
4,609,GA7,3,4,0.6286,-0.3333,No Significant Difference
1,35,GA7,4,4,0.4857,0.375,No Significant Difference
2,35,GA7,4,4,0.1143,-0.75,No Significant Difference
3,35,GA7,4,4,0.0286,-1.0,Significant Difference
4,35,GA7,0,4,N/A,N/A,Too few samples
1,887,GA3,4,4,0.2,-0.625,No Significant Difference
2,887,GA3,4,4,0.0571,-0.875,No Significant Difference
3,887,GA3,4,4,0.8857,-0.125,No Significant Difference
4,887,GA3,4,4,0.0286,-1.0,Significant Difference
1,735,GA3,4,4,0.0571,0.875,No Significant Difference
2,735,GA3,4,4,0.8857,0.125,No Significant Difference
3,735,GA3,4,4,0.4857,-0.375,No Significant Difference
4,735,GA3,4,4,0.0286,1.0,Significant Difference
1,698,GA3,4,4,0.3429,0.5,No Significant Difference
2,698,GA3,4,4,0.0571,0.875,No Significant Difference
3,698,GA3,4,4,0.3429,0.5,No Significant Difference
4,698,GA3,4,4,0.6857,-0.25,No Significant Difference
1,680,GA3,4,4,0.4857,0.375,No Significant Difference
2,680,GA3,4,4,0.3429,0.5,No Significant Difference
3,680,GA3,4,4,0.1143,-0.75,No Significant Difference
4,680,GA3,4,4,0.6857,0.25,No Significant Difference
1,402,GA3,4,4,0.3429,-0.5,No Significant Difference
2,402,GA3,4,4,0.0571,-0.875,No Significant Difference
3,402,GA3,4,4,0.4857,0.375,No Significant Difference
4,402,GA3,4,4,0.6857,0.25,No Significant Difference
1,171,GA3,4,4,1.0,0.0,No Significant Difference
2,171,GA3,4,4,1.0,0.0,No Significant Difference
3,171,GA3,4,4,0.6857,0.25,No Significant Difference
4,171,GA3,4,4,1.0,0.0,No Significant Difference
1,703,GA3,4,4,0.3429,-0.5,No Significant Difference
2,703,GA3,4,4,0.2,-0.625,No Significant Difference
3,703,GA3,4,4,0.2,0.625,No Significant Difference
4,703,GA3,4,4,0.0571,0.875,No Significant Difference
1,609,GA3,4,4,0.8857,-0.125,No Significant Difference
2,609,GA3,4,4,0.8857,0.125,No Significant Difference
3,609,GA3,4,4,0.6857,-0.25,No Significant Difference
4,609,GA3,4,4,1.0,0.0,No Significant Difference
1,35,GA3,4,4,0.2,0.625,No Significant Difference
2,35,GA3,4,4,0.6857,-0.25,No Significant Difference
3,35,GA3,4,4,0.0286,1.0,Significant Difference
4,35,GA3,4,4,0.0286,1.0,Significant Difference
1,887,GA5,4,4,0.4857,-0.375,No Significant Difference
2,887,GA5,4,4,0.2,-0.625,No Significant Difference
3,887,GA5,4,4,0.6857,0.25,No Significant Difference
4,887,GA5,4,4,0.6857,-0.25,No Significant Difference
1,735,GA5,4,4,0.1143,0.75,No Significant Difference
2,735,GA5,4,4,0.2,-0.625,No Significant Difference
3,735,GA5,4,4,1.0,0.0,No Significant Difference
4,735,GA5,4,4,0.1143,0.75,No Significant Difference
1,698,GA5,4,4,0.4857,0.375,No Significant Difference
2,698,GA5,4,4,0.4857,0.375,No Significant Difference
3,698,GA5,4,4,0.1143,0.75,No Significant Difference
4,698,GA5,4,4,0.6857,0.25,No Significant Difference
1,680,GA5,4,4,0.1143,0.75,No Significant Difference
2,680,GA5,4,4,0.4857,-0.375,No Significant Difference
3,680,GA5,4,4,0.2,-0.625,No Significant Difference
4,680,GA5,4,4,0.4857,-0.375,No Significant Difference
1,402,GA5,4,4,0.3429,0.5,No Significant Difference
2,402,GA5,4,4,0.3429,0.5,No Significant Difference
3,402,GA5,4,4,0.3429,0.5,No Significant Difference
4,402,GA5,4,4,0.2,0.625,No Significant Difference
1,171,GA5,4,4,0.8857,0.125,No Significant Difference
2,171,GA5,4,4,0.8857,0.125,No Significant Difference
3,171,GA5,4,4,0.1143,0.75,No Significant Difference
4,171,GA5,4,4,0.6857,-0.25,No Significant Difference
1,703,GA5,4,4,0.0571,-0.875,No Significant Difference
2,703,GA5,4,4,0.0286,-1.0,Significant Difference
3,703,GA5,4,4,0.6857,0.25,No Significant Difference
4,703,GA5,4,4,0.2,-0.625,No Significant Difference
1,609,GA5,4,4,0.8857,-0.125,No Significant Difference
2,609,GA5,4,4,0.6857,-0.25,No Significant Difference
3,609,GA5,4,4,0.6857,0.25,No Significant Difference
4,609,GA5,4,4,0.8857,0.125,No Significant Difference
1,35,GA5,4,4,0.0286,-1.0,Significant Difference
2,35,GA5,4,4,0.2,0.625,No Significant Difference
3,35,GA5,4,4,1.0,0.0,No Significant Difference
4,35,GA5,4,4,0.0571,0.875,No Significant Difference
1,887,GA34,4,4,0.3429,-0.5,No Significant Difference
2,887,GA34,4,4,0.0421,-0.9375,Significant Difference
3,887,GA34,4,4,0.0294,-1.0,Significant Difference
4,887,GA34,4,4,0.0286,-1.0,Significant Difference
1,735,GA34,4,4,0.1143,0.75,No Significant Difference
2,735,GA34,4,4,0.1913,0.625,No Significant Difference
3,735,GA34,4,4,0.3429,-0.5,No Significant Difference
4,735,GA34,4,4,0.1143,-0.75,No Significant Difference
1,698,GA34,4,4,0.766,0.1875,No Significant Difference
2,698,GA34,4,4,0.2425,0.5625,No Significant Difference
3,698,GA34,2,3,0.3329,-0.6667,No Significant Difference
4,698,GA34,2,4,1.0,0.0,No Significant Difference
1,680,GA34,4,4,0.6857,0.25,No Significant Difference
2,680,GA34,4,4,0.4857,0.375,No Significant Difference
3,680,GA34,4,4,0.1143,-0.75,No Significant Difference
4,680,GA34,4,4,0.6857,0.25,No Significant Difference
1,402,GA34,4,4,0.0814,0.8125,No Significant Difference
2,402,GA34,4,3,0.1143,0.8333,No Significant Difference
3,402,GA34,4,3,0.5926,-0.3333,No Significant Difference
4,402,GA34,3,4,0.2845,-0.5833,No Significant Difference
1,171,GA34,4,4,1.0,-0.0625,No Significant Difference
2,171,GA34,4,4,0.5614,-0.3125,No Significant Difference
3,171,GA34,4,3,0.6286,0.3333,No Significant Difference
4,171,GA34,4,4,0.7715,0.1875,No Significant Difference
1,703,GA34,4,4,0.8857,-0.125,No Significant Difference
2,703,GA34,4,4,0.2,0.625,No Significant Difference
3,703,GA34,4,4,1.0,0.0,No Significant Difference
4,703,GA34,4,4,1.0,0.0,No Significant Difference
1,609,GA34,4,4,0.2,0.625,No Significant Difference
2,609,GA34,4,4,0.3429,0.5,No Significant Difference
3,609,GA34,4,4,0.4857,-0.375,No Significant Difference
4,609,GA34,4,4,1.0,-0.0625,No Significant Difference
1,35,GA34,4,4,0.1143,-0.75,No Significant Difference
2,35,GA34,4,4,0.8857,0.125,No Significant Difference
3,35,GA34,4,4,0.1143,-0.75,No Significant Difference
4,35,GA34,4,4,1.0,0.0625,No Significant Difference
1,887,GA8,4,4,0.3429,-0.5,No Significant Difference
2,887,GA8,4,4,0.5614,-0.3125,No Significant Difference
3,887,GA8,4,4,0.8857,-0.125,No Significant Difference
4,887,GA8,4,4,0.2,-0.625,No Significant Difference
1,735,GA8,4,4,0.1143,0.75,No Significant Difference
2,735,GA8,4,4,0.8857,-0.125,No Significant Difference
3,735,GA8,4,4,0.6857,-0.25,No Significant Difference
4,735,GA8,4,4,0.4857,0.375,No Significant Difference
1,698,GA8,4,4,1.0,0.0,No Significant Difference
2,698,GA8,4,4,0.6857,-0.25,No Significant Difference
3,698,GA8,4,4,0.1143,0.75,No Significant Difference
4,698,GA8,4,4,1.0,0.0,No Significant Difference
1,680,GA8,4,4,0.4678,-0.375,No Significant Difference
2,680,GA8,4,4,0.8857,-0.125,No Significant Difference
3,680,GA8,4,4,0.8857,-0.125,No Significant Difference
4,680,GA8,4,4,1.0,0.0,No Significant Difference
1,402,GA8,4,4,0.2454,-0.5625,No Significant Difference
2,402,GA8,4,4,0.6857,-0.25,No Significant Difference
3,402,GA8,4,4,0.6631,0.25,No Significant Difference
4,402,GA8,4,4,0.8857,0.125,No Significant Difference
1,171,GA8,4,4,0.3429,-0.5,No Significant Difference
2,171,GA8,4,4,0.8857,0.125,No Significant Difference
3,171,GA8,4,4,0.4857,0.375,No Significant Difference
4,171,GA8,4,4,0.8857,0.125,No Significant Difference
1,703,GA8,4,4,0.1143,-0.75,No Significant Difference
2,703,GA8,4,4,0.8857,0.125,No Significant Difference
3,703,GA8,4,4,1.0,0.0,No Significant Difference
4,703,GA8,4,4,0.0286,1.0,Significant Difference
1,609,GA8,4,4,0.0286,-1.0,Significant Difference
2,609,GA8,4,4,0.2,-0.625,No Significant Difference
3,609,GA8,4,4,0.4857,-0.375,No Significant Difference
4,609,GA8,4,4,0.8857,0.125,No Significant Difference
1,35,GA8,4,4,0.1143,0.75,No Significant Difference
2,35,GA8,4,4,0.8857,-0.125,No Significant Difference
3,35,GA8,4,4,0.3429,0.5,No Significant Difference
4,35,GA8,4,4,0.0286,1.0,Significant Difference
1,887,ABA,4,4,0.2,-0.625,No Significant Difference
2,887,ABA,4,4,0.0286,1.0,Significant Difference
3,887,ABA,4,4,0.2,0.625,No Significant Difference
4,887,ABA,4,4,0.4857,0.375,No Significant Difference
1,735,ABA,4,4,0.2,-0.625,No Significant Difference
2,735,ABA,4,4,0.1143,-0.75,No Significant Difference
3,735,ABA,4,4,0.8857,0.125,No Significant Difference
4,735,ABA,4,4,0.6857,-0.25,No Significant Difference
1,698,ABA,4,4,0.4857,0.375,No Significant Difference
2,698,ABA,4,4,0.2,0.625,No Significant Difference
3,698,ABA,4,4,0.6857,0.25,No Significant Difference
4,698,ABA,4,4,0.3429,-0.5,No Significant Difference
1,680,ABA,4,4,1.0,0.0,No Significant Difference
2,680,ABA,4,4,0.8857,0.125,No Significant Difference
3,680,ABA,4,4,0.3429,0.5,No Significant Difference
4,680,ABA,4,4,0.8857,0.125,No Significant Difference
1,402,ABA,4,4,0.3429,0.5,No Significant Difference
2,402,ABA,4,4,0.8857,-0.125,No Significant Difference
3,402,ABA,4,4,0.3429,-0.5,No Significant Difference
4,402,ABA,4,4,1.0,0.0,No Significant Difference
1,171,ABA,4,4,0.2,0.625,No Significant Difference
2,171,ABA,4,4,0.6857,0.25,No Significant Difference
3,171,ABA,4,4,0.2,0.625,No Significant Difference
4,171,ABA,4,4,0.4857,0.375,No Significant Difference
1,703,ABA,4,4,0.8857,-0.125,No Significant Difference
2,703,ABA,4,4,0.3429,0.5,No Significant Difference
3,703,ABA,4,4,0.0571,0.875,No Significant Difference
4,703,ABA,4,4,0.6857,0.25,No Significant Difference
1,609,ABA,4,4,0.1143,-0.75,No Significant Difference
2,609,ABA,4,4,0.8857,-0.125,No Significant Difference
3,609,ABA,4,4,0.8857,0.125,No Significant Difference
4,609,ABA,4,4,0.4857,-0.375,No Significant Difference
1,35,ABA,4,4,0.3429,0.5,No Significant Difference
2,35,ABA,4,4,0.8857,-0.125,No Significant Difference
3,35,ABA,4,4,0.6857,0.25,No Significant Difference
4,35,ABA,4,4,1.0,0.0,No Significant Difference
1,887,JA,4,4,1.0,0.0,No Significant Difference
2,887,JA,4,4,0.2,-0.625,No Significant Difference
3,887,JA,4,4,0.2,0.625,No Significant Difference
4,887,JA,4,4,0.2,-0.625,No Significant Difference
1,735,JA,4,4,0.4857,0.375,No Significant Difference
2,735,JA,4,4,0.6857,-0.25,No Significant Difference
3,735,JA,4,4,0.6857,-0.25,No Significant Difference
4,735,JA,4,4,0.4857,-0.375,No Significant Difference
1,698,JA,4,4,0.3429,-0.5,No Significant Difference
2,698,JA,4,4,0.4857,-0.375,No Significant Difference
3,698,JA,4,4,0.8857,0.125,No Significant Difference
4,698,JA,4,4,0.4857,-0.375,No Significant Difference
1,680,JA,4,4,0.6857,0.25,No Significant Difference
2,680,JA,4,4,0.8857,-0.125,No Significant Difference
3,680,JA,4,4,0.1143,0.75,No Significant Difference
4,680,JA,4,4,0.0286,-1.0,Significant Difference
1,402,JA,4,4,0.3429,-0.5,No Significant Difference
2,402,JA,4,4,0.8857,0.125,No Significant Difference
3,402,JA,4,4,0.6857,0.25,No Significant Difference
4,402,JA,4,4,0.1143,-0.75,No Significant Difference
1,171,JA,4,4,1.0,0.0,No Significant Difference
2,171,JA,4,4,0.8857,0.125,No Significant Difference
3,171,JA,4,4,0.3429,0.5,No Significant Difference
4,171,JA,4,4,0.3429,-0.5,No Significant Difference
1,703,JA,4,4,0.6857,0.25,No Significant Difference
2,703,JA,4,4,0.1143,0.75,No Significant Difference
3,703,JA,4,4,0.4857,-0.375,No Significant Difference
4,703,JA,4,4,0.1143,0.75,No Significant Difference
1,609,JA,4,4,0.6857,0.25,No Significant Difference
2,609,JA,4,4,0.6857,-0.25,No Significant Difference
3,609,JA,4,4,0.8857,-0.125,No Significant Difference
4,609,JA,4,4,0.3429,-0.5,No Significant Difference
1,35,JA,4,4,0.4857,-0.375,No Significant Difference
2,35,JA,4,4,1.0,0.0,No Significant Difference
3,35,JA,4,4,0.3429,-0.5,No Significant Difference
4,35,JA,4,4,0.8857,0.125,No Significant Difference
1,887,IAA,4,4,0.3429,-0.5,No Significant Difference
2,887,IAA,4,4,0.6857,0.25,No Significant Difference
3,887,IAA,4,4,0.6857,-0.25,No Significant Difference
4,887,IAA,4,4,0.6857,0.25,No Significant Difference
1,735,IAA,4,4,0.8857,-0.125,No Significant Difference
2,735,IAA,4,4,0.2,-0.625,No Significant Difference
3,735,IAA,4,4,0.4857,0.375,No Significant Difference
4,735,IAA,4,4,0.1143,0.75,No Significant Difference
1,698,IAA,4,4,0.2,0.625,No Significant Difference
2,698,IAA,4,4,0.8857,-0.125,No Significant Difference
3,698,IAA,4,4,1.0,0.0,No Significant Difference
4,698,IAA,4,4,0.3429,-0.5,No Significant Difference
1,680,IAA,4,4,0.1143,0.75,No Significant Difference
2,680,IAA,4,4,0.4857,0.375,No Significant Difference
3,680,IAA,4,4,0.8857,0.125,No Significant Difference
4,680,IAA,4,4,0.3429,0.5,No Significant Difference
1,402,IAA,4,4,1.0,0.0,No Significant Difference
2,402,IAA,4,4,0.8857,-0.125,No Significant Difference
3,402,IAA,4,4,0.3094,-0.5,No Significant Difference
4,402,IAA,4,4,0.4857,-0.375,No Significant Difference
1,171,IAA,4,4,0.2,0.625,No Significant Difference
2,171,IAA,4,4,1.0,0.0,No Significant Difference
3,171,IAA,4,4,0.6857,0.25,No Significant Difference
4,171,IAA,4,4,0.0571,-0.875,No Significant Difference
1,703,IAA,4,4,0.3429,0.5,No Significant Difference
2,703,IAA,4,4,0.8857,0.125,No Significant Difference
3,703,IAA,4,4,0.6857,0.25,No Significant Difference
4,703,IAA,4,4,0.6857,0.25,No Significant Difference
1,609,IAA,4,4,0.4857,-0.375,No Significant Difference
2,609,IAA,4,4,0.4857,-0.375,No Significant Difference
3,609,IAA,4,4,0.4857,-0.375,No Significant Difference
4,609,IAA,4,4,0.1143,-0.75,No Significant Difference
1,35,IAA,4,4,0.3429,0.5,No Significant Difference
2,35,IAA,4,4,0.6857,0.25,No Significant Difference
3,35,IAA,4,4,0.8857,-0.125,No Significant Difference
4,35,IAA,4,4,0.3429,0.5,No Significant Difference
1,887,SA,4,4,0.4857,-0.375,No Significant Difference
2,887,SA,4,4,0.1143,0.75,No Significant Difference
3,887,SA,4,4,0.0286,1.0,Significant Difference
4,887,SA,4,4,0.3429,0.5,No Significant Difference
1,735,SA,4,4,0.1143,-0.75,No Significant Difference
2,735,SA,4,4,0.4857,-0.375,No Significant Difference
3,735,SA,4,4,0.6857,0.25,No Significant Difference
4,735,SA,4,4,1.0,0.0,No Significant Difference
1,698,SA,4,4,0.6857,0.25,No Significant Difference
2,698,SA,4,4,0.3429,0.5,No Significant Difference
3,698,SA,4,4,0.4857,0.375,No Significant Difference
4,698,SA,4,4,0.3429,0.5,No Significant Difference
1,680,SA,4,4,0.8857,-0.125,No Significant Difference
2,680,SA,4,4,0.6857,-0.25,No Significant Difference
3,680,SA,4,4,0.2,0.625,No Significant Difference
4,680,SA,4,4,1.0,0.0,No Significant Difference
1,402,SA,4,4,0.0571,0.875,No Significant Difference
2,402,SA,4,4,0.4857,0.375,No Significant Difference
3,402,SA,4,4,0.6857,-0.25,No Significant Difference
4,402,SA,4,4,0.4857,-0.375,No Significant Difference
1,171,SA,4,4,0.6857,-0.25,No Significant Difference
2,171,SA,4,4,0.8857,-0.125,No Significant Difference
3,171,SA,4,4,0.6857,0.25,No Significant Difference
4,171,SA,4,4,0.0286,1.0,Significant Difference
1,703,SA,4,4,0.4857,0.375,No Significant Difference
2,703,SA,4,4,0.2,0.625,No Significant Difference
3,703,SA,4,4,0.3429,-0.5,No Significant Difference
4,703,SA,4,4,0.6857,-0.25,No Significant Difference
1,609,SA,4,4,0.1143,-0.75,No Significant Difference
2,609,SA,4,4,0.8857,0.125,No Significant Difference
3,609,SA,4,4,0.0571,-0.875,No Significant Difference
4,609,SA,4,4,0.4857,-0.375,No Significant Difference
1,35,SA,4,4,1.0,0.0,No Significant Difference
2,35,SA,4,4,1.0,0.0,No Significant Difference
3,35,SA,4,4,0.8857,-0.125,No Significant Difference
4,35,SA,4,4,0.6857,-0.25,No Significant Difference
1,887,DHZ,4,4,1.0,0.0625,No Significant Difference
2,887,DHZ,4,4,0.1143,-0.75,No Significant Difference
3,887,DHZ,4,4,0.5516,-0.3125,No Significant Difference
4,887,DHZ,4,4,0.4568,-0.375,No Significant Difference
1,735,DHZ,4,4,0.2975,-0.5,No Significant Difference
2,735,DHZ,4,4,1.0,0.0625,No Significant Difference
3,735,DHZ,4,4,1.0,0.0625,No Significant Difference
4,735,DHZ,4,4,0.3807,0.4375,No Significant Difference
1,698,DHZ,4,4,1.0,0.0,No Significant Difference
2,698,DHZ,4,4,1.0,-0.0625,No Significant Difference
3,698,DHZ,4,4,1.0,-0.0625,No Significant Difference
4,698,DHZ,4,4,0.4857,-0.375,No Significant Difference
1,680,DHZ,4,4,0.2425,0.5625,No Significant Difference
2,680,DHZ,4,4,0.4651,0.375,No Significant Difference
3,680,DHZ,4,4,0.8831,0.125,No Significant Difference
4,680,DHZ,4,4,0.1143,-0.75,No Significant Difference
1,402,DHZ,4,4,0.6612,0.25,No Significant Difference
2,402,DHZ,4,4,0.5614,-0.3125,No Significant Difference
3,402,DHZ,4,4,0.3719,0.4375,No Significant Difference
4,402,DHZ,4,4,0.3429,-0.5,No Significant Difference
1,171,DHZ,4,4,0.8809,-0.125,No Significant Difference
2,171,DHZ,4,4,0.4596,0.375,No Significant Difference
3,171,DHZ,4,4,0.766,0.1875,No Significant Difference
4,171,DHZ,4,4,0.2454,-0.5625,No Significant Difference
1,703,DHZ,4,4,0.8817,0.125,No Significant Difference
2,703,DHZ,4,4,0.5516,0.3125,No Significant Difference
3,703,DHZ,4,4,0.4568,-0.375,No Significant Difference
4,703,DHZ,4,4,0.2396,-0.5625,No Significant Difference
1,609,DHZ,4,4,0.4596,0.375,No Significant Difference
2,609,DHZ,4,4,1.0,0.0,No Significant Difference
3,609,DHZ,4,4,0.3807,-0.4375,No Significant Difference
4,609,DHZ,4,4,0.7702,-0.1875,No Significant Difference
1,35,DHZ,4,4,0.5566,-0.3125,No Significant Difference
2,35,DHZ,4,4,0.5516,-0.3125,No Significant Difference
3,35,DHZ,4,4,0.2425,-0.5625,No Significant Difference
4,35,DHZ,4,4,0.1913,-0.625,No Significant Difference
1,887,iP,4,4,0.2471,0.5,No Significant Difference
2,887,iP,4,4,1.0,0.0,No Significant Difference
3,887,iP,4,4,0.1814,-0.5,No Significant Difference
4,887,iP,4,4,0.0885,-0.75,No Significant Difference
1,735,iP,4,4,1.0,0.0,No Significant Difference
2,735,iP,4,4,1.0,0.0,No Significant Difference
3,735,iP,4,4,0.4533,0.25,No Significant Difference
4,735,iP,4,4,0.8744,0.125,No Significant Difference
1,698,iP,4,4,1.0,0.0,No Significant Difference
2,698,iP,4,4,1.0,0.0,No Significant Difference
3,698,iP,4,4,1.0,0.0,No Significant Difference
4,698,iP,4,4,0.4292,-0.375,No Significant Difference
1,680,iP,4,4,1.0,0.0,No Significant Difference
2,680,iP,4,4,1.0,0.0,No Significant Difference
3,680,iP,4,4,0.2568,-0.4375,No Significant Difference
4,680,iP,4,4,0.5412,-0.3125,No Significant Difference
1,402,iP,4,4,0.4533,0.25,No Significant Difference
2,402,iP,4,4,1.0,0.0,No Significant Difference
3,402,iP,4,4,1.0,0.0,No Significant Difference
4,402,iP,4,4,0.64,0.25,No Significant Difference
1,171,iP,4,4,0.4533,0.25,No Significant Difference
2,171,iP,4,4,0.1814,-0.5,No Significant Difference
3,171,iP,4,4,0.7389,0.1875,No Significant Difference
4,171,iP,4,4,0.4533,-0.25,No Significant Difference
1,703,iP,4,4,1.0,0.0,No Significant Difference
2,703,iP,4,4,0.6084,0.25,No Significant Difference
3,703,iP,4,4,1.0,0.0,No Significant Difference
4,703,iP,4,4,0.2568,-0.4375,No Significant Difference
1,609,iP,4,4,1.0,0.0,No Significant Difference
2,609,iP,4,4,1.0,0.0,No Significant Difference
3,609,iP,4,4,0.6084,-0.25,No Significant Difference
4,609,iP,4,4,0.1606,-0.625,No Significant Difference
1,35,iP,4,4,1.0,0.0,No Significant Difference
2,35,iP,4,4,1.0,0.0,No Significant Difference
3,35,iP,4,4,1.0,0.0,No Significant Difference
4,35,iP,4,4,0.6552,-0.25,No Significant Difference
1,887,tZ,4,4,0.76,0.1875,No Significant Difference
2,887,tZ,4,4,0.1367,-0.625,No Significant Difference
3,887,tZ,4,4,0.7389,0.1875,No Significant Difference
4,887,tZ,4,4,0.448,-0.375,No Significant Difference
1,735,tZ,4,4,0.8744,-0.125,No Significant Difference
2,735,tZ,4,4,1.0,0.0,No Significant Difference
3,735,tZ,4,4,0.4533,0.25,No Significant Difference
4,735,tZ,4,4,1.0,-0.0625,No Significant Difference
1,698,tZ,4,4,0.1832,-0.625,No Significant Difference
2,698,tZ,4,4,0.6532,-0.25,No Significant Difference
3,698,tZ,4,4,0.3529,-0.4375,No Significant Difference
4,698,tZ,4,4,1.0,0.0,No Significant Difference
1,680,tZ,4,4,0.76,0.1875,No Significant Difference
2,680,tZ,4,4,0.6084,-0.25,No Significant Difference
3,680,tZ,4,4,0.6084,0.25,No Significant Difference
4,680,tZ,4,4,0.5516,-0.3125,No Significant Difference
1,402,tZ,4,4,0.1342,0.6875,No Significant Difference
2,402,tZ,4,4,0.2849,-0.5,No Significant Difference
3,402,tZ,4,4,0.505,0.3125,No Significant Difference
4,402,tZ,4,4,0.5357,-0.3125,No Significant Difference
1,171,tZ,4,4,0.5516,-0.3125,No Significant Difference
2,171,tZ,4,4,0.2338,-0.5625,No Significant Difference
3,171,tZ,4,4,0.8809,0.125,No Significant Difference
4,171,tZ,4,4,0.1215,-0.6875,No Significant Difference
1,703,tZ,4,4,0.3529,0.4375,No Significant Difference
2,703,tZ,4,4,0.0632,0.8125,No Significant Difference
3,703,tZ,4,4,0.0632,-0.8125,No Significant Difference
4,703,tZ,4,4,0.8809,0.125,No Significant Difference
1,609,tZ,4,4,0.6084,0.25,No Significant Difference
2,609,tZ,4,4,1.0,0.0625,No Significant Difference
3,609,tZ,4,4,0.505,-0.3125,No Significant Difference
4,609,tZ,4,4,0.6423,0.25,No Significant Difference
1,35,tZ,4,4,0.036,-0.9375,Significant Difference
2,35,tZ,4,4,0.6084,0.25,No Significant Difference
3,35,tZ,4,4,0.1342,-0.6875,No Significant Difference
4,35,tZ,4,4,0.1367,-0.625,No Significant Difference
1,887,Trip_Number,4,4,1.0,0.0,No Significant Difference
2,887,Trip_Number,4,4,1.0,0.0,No Significant Difference
3,887,Trip_Number,4,4,1.0,0.0,No Significant Difference
4,887,Trip_Number,4,4,1.0,0.0,No Significant Difference
1,735,Trip_Number,4,4,1.0,0.0,No Significant Difference
2,735,Trip_Number,4,4,1.0,0.0,No Significant Difference
3,735,Trip_Number,4,4,1.0,0.0,No Significant Difference
4,735,Trip_Number,4,4,1.0,0.0,No Significant Difference
1,698,Trip_Number,4,4,1.0,0.0,No Significant Difference
2,698,Trip_Number,4,4,1.0,0.0,No Significant Difference
3,698,Trip_Number,4,4,1.0,0.0,No Significant Difference
4,698,Trip_Number,4,4,1.0,0.0,No Significant Difference
1,680,Trip_Number,4,4,1.0,0.0,No Significant Difference
2,680,Trip_Number,4,4,1.0,0.0,No Significant Difference
3,680,Trip_Number,4,4,1.0,0.0,No Significant Difference
4,680,Trip_Number,4,4,1.0,0.0,No Significant Difference
1,402,Trip_Number,4,4,1.0,0.0,No Significant Difference
2,402,Trip_Number,4,4,1.0,0.0,No Significant Difference
3,402,Trip_Number,4,4,1.0,0.0,No Significant Difference
4,402,Trip_Number,4,4,1.0,0.0,No Significant Difference
1,171,Trip_Number,4,4,1.0,0.0,No Significant Difference
2,171,Trip_Number,4,4,1.0,0.0,No Significant Difference
3,171,Trip_Number,4,4,1.0,0.0,No Significant Difference
4,171,Trip_Number,4,4,1.0,0.0,No Significant Difference
1,703,Trip_Number,4,4,1.0,0.0,No Significant Difference
2,703,Trip_Number,4,4,1.0,0.0,No Significant Difference
3,703,Trip_Number,4,4,1.0,0.0,No Significant Difference
4,703,Trip_Number,4,4,1.0,0.0,No Significant Difference
1,609,Trip_Number,4,4,1.0,0.0,No Significant Difference
2,609,Trip_Number,4,4,1.0,0.0,No Significant Difference
3,609,Trip_Number,4,4,1.0,0.0,No Significant Difference
4,609,Trip_Number,4,4,1.0,0.0,No Significant Difference
1,35,Trip_Number,4,4,1.0,0.0,No Significant Difference
2,35,Trip_Number,4,4,1.0,0.0,No Significant Difference
3,35,Trip_Number,4,4,1.0,0.0,No Significant Difference
4,35,Trip_Number,4,4,1.0,0.0,No Significant Difference
1,887,Sample_Type,4,4,1.0,0.0,No Significant Difference
2,887,Sample_Type,4,4,1.0,0.0,No Significant Difference
3,887,Sample_Type,4,4,1.0,0.0,No Significant Difference
4,887,Sample_Type,4,4,1.0,0.0,No Significant Difference
1,735,Sample_Type,4,4,1.0,0.0,No Significant Difference
2,735,Sample_Type,4,4,1.0,0.0,No Significant Difference
3,735,Sample_Type,4,4,1.0,0.0,No Significant Difference
4,735,Sample_Type,4,4,1.0,0.0,No Significant Difference
1,698,Sample_Type,4,4,1.0,0.0,No Significant Difference
2,698,Sample_Type,4,4,1.0,0.0,No Significant Difference
3,698,Sample_Type,4,4,1.0,0.0,No Significant Difference
4,698,Sample_Type,4,4,1.0,0.0,No Significant Difference
1,680,Sample_Type,4,4,1.0,0.0,No Significant Difference
2,680,Sample_Type,4,4,1.0,0.0,No Significant Difference
3,680,Sample_Type,4,4,1.0,0.0,No Significant Difference
4,680,Sample_Type,4,4,1.0,0.0,No Significant Difference
1,402,Sample_Type,4,4,1.0,0.0,No Significant Difference
2,402,Sample_Type,4,4,1.0,0.0,No Significant Difference
3,402,Sample_Type,4,4,1.0,0.0,No Significant Difference
4,402,Sample_Type,4,4,1.0,0.0,No Significant Difference
1,171,Sample_Type,4,4,1.0,0.0,No Significant Difference
2,171,Sample_Type,4,4,1.0,0.0,No Significant Difference
3,171,Sample_Type,4,4,1.0,0.0,No Significant Difference
4,171,Sample_Type,4,4,1.0,0.0,No Significant Difference
1,703,Sample_Type,4,4,1.0,0.0,No Significant Difference
2,703,Sample_Type,4,4,1.0,0.0,No Significant Difference
3,703,Sample_Type,4,4,1.0,0.0,No Significant Difference
4,703,Sample_Type,4,4,1.0,0.0,No Significant Difference
1,609,Sample_Type,4,4,1.0,0.0,No Significant Difference
2,609,Sample_Type,4,4,1.0,0.0,No Significant Difference
3,609,Sample_Type,4,4,1.0,0.0,No Significant Difference
4,609,Sample_Type,4,4,1.0,0.0,No Significant Difference
1,35,Sample_Type,4,4,1.0,0.0,No Significant Difference
2,35,Sample_Type,4,4,1.0,0.0,No Significant Difference
3,35,Sample_Type,4,4,1.0,0.0,No Significant Difference
4,35,Sample_Type,4,4,1.0,0.0,No Significant Difference
